{"cameraMode":{"drawMode":0,"name":"Shaded","section":"Shading Mode"},"sceneLighting":true,"audioPlay":false,"sceneViewState":{"showFog":true,"showMaterialUpdate":false,"showSkybox":true,"showFlares":true,"showImageEffects":true,"showParticleSystems":true},"in2DMode":false,"pivot":{"x":0.4795107841491699,"y":6.414361000061035,"z":-1.4710835218429566},"rotation":{"x":-0.08156614750623703,"y":0.718795657157898,"z":-0.08557849377393723,"w":-0.6850957274436951},"size":2.4750001430511476,"orthographic":false}