{"cameraMode":{"drawMode":0,"name":"Shaded","section":"Shading Mode"},"sceneLighting":false,"audioPlay":false,"sceneViewState":{"showFog":true,"showMaterialUpdate":false,"showSkybox":true,"showFlares":true,"showImageEffects":true,"showParticleSystems":true},"in2DMode":false,"pivot":{"x":-3.2671613693237306,"y":4.007046699523926,"z":-0.43281620740890505},"rotation":{"x":-0.0026775638107210399,"y":-0.8307124376296997,"z":0.00399560434743762,"w":-0.5566810965538025},"size":2.2421159744262697,"orthographic":false}